index,info_link,main_img
0,https://ko.wikipedia.org/wiki/%EC%A7%84%EB%8B%AC%EB%9E%98,0.jpg
1,https://en.wikipedia.org/wiki/Tagetes_erecta,1.jpg
2,https://ko.wikipedia.org/wiki/%EC%A0%88%EA%B5%BF%EB%8C%80,2.jpg
3,https://ko.wikipedia.org/wiki/%EC%82%B0%EB%8B%B9%ED%99%94,3.jpg
4,https://ko.wikipedia.org/wiki/%EC%A1%B0%ED%8C%9D%EB%82%98%EB%AC%B4,4.jpg
5,https://ko.wikipedia.org/wiki/%ED%9D%B0%EB%AF%BC%EB%93%A4%EB%A0%88,5.jpg
6,https://ko.wikipedia.org/wiki/%EB%A7%A5%EB%AC%B8%EB%8F%99,liriope-muscari-big-blue-10577.jpg
7,https://ko.wikipedia.org/wiki/%EB%9D%BC%EC%9D%BC%EB%9D%BD,79038909-lilac-lat-syringa-vulgaris-in-spring-morning.jpg
8,https://ko.wikipedia.org/wiki/%EC%A0%9C%EC%A3%BC%EB%B2%9A%EB%82%98%EB%AC%B4,8.jpg
9,https://ko.wikipedia.org/wiki/%EC%94%80%EB%B0%94%EA%B7%80,9.jpg
10,https://ko.wikipedia.org/wiki/%EC%BD%94%EC%8A%A4%EB%AA%A8%EC%8A%A4_(%EA%BD%83),700027_1.jpg
11,https://en.wikipedia.org/wiki/Plains_coreopsis,11.jpg
12,https://ko.wikipedia.org/wiki/%EB%B0%B1%EC%9D%BC%ED%99%8D,¹éÀÏÈ«_026.jpg
13,https://en.wikipedia.org/wiki/Calendula_officinalis,Pot_marigold.jpg
14,https://namu.wiki/w/%EA%B5%AC%EC%A0%88%EC%B4%88,±¸ÀýÃÊ_004.jpg
15,https://ko.wikipedia.org/wiki/%EA%B0%9C%EC%97%89%EA%B2%85%ED%80%B4,¾û°ÏÄû_008.jpg
16,https://ko.wikipedia.org/wiki/%EB%AF%BC%EB%93%A4%EB%A0%88,¹Îµé·¹_017.jpg
17,https://en.wikipedia.org/wiki/Lysimachia_vulgaris,17.jpg
18,https://en.wikipedia.org/wiki/Calystegia_sepium,18.jpg
19,https://ko.wikipedia.org/wiki/%EC%9B%94%EA%B3%84%ED%99%94,1200px-Rosa_chinensis.jpg
20,https://ko.wikipedia.org/wiki/%EB%8F%99%EB%B0%B1%EB%82%98%EB%AC%B4,20.jpg
21,https://ko.wikipedia.org/wiki/%EB%AA%A8%EB%9E%80,tree-peony-2-may-14-20021.jpg
22,https://ko.wikipedia.org/wiki/%EC%88%98%EA%B5%AD,Hydrangea_macrophylla_-_Hortensia_hydrangea.jpg
23,https://ko.wikipedia.org/wiki/%EA%B5%AD%ED%99%94_(%EC%8B%9D%EB%AC%BC),Chrysanthemum_morifolium_(2).jpg
24,https://ko.wikipedia.org/wiki/%ED%95%98%EC%9D%B4%EB%B8%8C%EB%A6%AC%EB%93%9C_%ED%83%80%EC%9D%B4_%EC%9E%A5%EB%AF%B8,24.jpg
25,https://ko.wikipedia.org/wiki/%EC%B0%94%EB%A0%88%EA%BD%83,25.jpg
26,https://ko.wikipedia.org/wiki/%EC%9B%94%EA%B3%84%ED%99%94,1200px-Rosa_chinensis.jpg
27,https://ko.wikipedia.org/wiki/%EA%B0%9C%EB%A7%9D%EC%B4%88,27.jpg
28,https://ko.wikipedia.org/wiki/%EB%AC%B4%EA%B6%81%ED%99%94,98_3.jpg
29,https://ko.wikipedia.org/wiki/%EB%82%98%ED%8C%94%EA%BD%83,nil.jpg
30,https://ko.wikipedia.org/wiki/%ED%95%B4%EB%B0%94%EB%9D%BC%EA%B8%B0,sunflower-helianthus-annuus-against-martin-ruegner.jpg
31,https://ko.wikipedia.org/wiki/%EB%B0%B0%EB%A1%B1%EB%82%98%EB%AC%B4,lagerstroemia-indica.jpg
32,https://ko.wikipedia.org/wiki/%EB%B6%80%EC%B2%98%EA%BD%83,32.jpg
33,https://ko.wikipedia.org/wiki/%EB%B6%80%EC%9A%A9,81HyAb9y3kL._SL1500_.jpg
34,https://en.wikipedia.org/wiki/Pansy,34.jpg
35,https://ko.wikipedia.org/wiki/%EB%8F%84%EB%9D%BC%EC%A7%80,50308205_mOptimized.jpg
36,https://ko.wikipedia.org/wiki/%EC%9A%A9%EB%8B%B4,36.jpg
37,https://ko.wikipedia.org/wiki/%EA%B0%9C%EB%A7%A8%EB%93%9C%EB%9D%BC%EB%AF%B8,20156.jpg
38,https://ko.wikipedia.org/wiki/%EC%B2%9C%EC%9D%BC%ED%99%8D,Gomphrena-globosa-20110223-B-2000x1125.jpg
39,https://ko.wikipedia.org/wiki/%EA%B8%88%EC%96%B4%EC%B4%88,Antirrhinum-Majus-Is-a-Gorgeous-Annual-for-the-Cutting-Garden.jpg
40,https://ko.wikipedia.org/wiki/%ED%94%BC%ED%8A%9C%EB%8B%88%EC%95%84,petunias.jpg
41,https://ko.wikipedia.org/wiki/%EC%82%BC%EC%83%89%EC%A0%9C%EB%B9%84%EA%BD%83,41.jpg
42,https://ko.wikipedia.org/wiki/%EB%AC%BC%EB%B4%89%EC%84%A0,1280px-Impatiens_textori.jpg
43,https://ko.wikipedia.org/wiki/%EC%A0%9C%EB%9D%BC%EB%8A%84_(%EC%A2%85),zonal_geranium_pink_annual_bhs_18-1.jpg
44,https://ko.wikipedia.org/wiki/%ED%8A%A4%EB%A6%BD,44.jpg
45,https://ko.wikipedia.org/wiki/%EC%B2%A0%EC%AD%89,Rhododendron_schlippenbachii.jpg
46,https://ko.wikipedia.org/wiki/%EC%9C%A0%ED%99%8D%EC%B4%88,43937001_m.jpg
47,https://ko.wikipedia.org/wiki/%ED%92%8D%EC%84%A0%EB%8D%A9%EA%B5%B4,81vMzdw6kYL._AC_SL1500_.jpg
48,https://ko.wikipedia.org/wiki/%EB%B4%89%EC%84%A0%ED%99%94,17749967-red-garden-balsam-impatiens-balsamina-linn-flower-in-garden.jpg
49,https://ko.wikipedia.org/wiki/%EB%B6%84%EA%BD%83,mirabilis-jalapa-pink-1.jpg
50,https://ko.wikipedia.org/wiki/%EB%AF%B8%EB%AA%A8%EC%82%AC,61ymxpajGsL._AC_.jpg
51,https://ko.wikipedia.org/wiki/%EC%B1%84%EC%86%A1%ED%99%94,51.jpg
52,https://ko.wikipedia.org/wiki/%EB%8B%88%EA%B2%94%EB%9D%BC,52.jpg
53,https://ko.wikipedia.org/wiki/%EB%AA%A9%EB%A0%A8,53.jpg
54,https://ko.wikipedia.org/wiki/%EC%A0%9C%EB%B9%84%EA%BD%83,4346a5f426443ab1c2e03182a466f910.jpg
55,https://ko.wikipedia.org/wiki/%EC%A1%B0%EB%B1%85%EC%9D%B4,c7d6d18dfbd69cbf043001fb3204517c.jpg
56,https://en.wikipedia.org/wiki/Oenothera_tetraptera,large.jpg
57,https://ko.wikipedia.org/wiki/%EB%8B%AD%EC%9D%98%EC%9E%A5%ED%92%80,330px-Tagblume_Commelina_communis_stack25_2019-08-05-RM-8050218-PSD.jpg
58,https://en.wikipedia.org/wiki/Cornus_walteri,Cornus_walteri_in_Hackfalls_Arboretum_(2).jpg
59,https://en.wikipedia.org/wiki/Lotus_pedunculatus,59.jpg
60,https://ko.wikipedia.org/wiki/%EA%B0%80%EB%9D%BD%EC%A7%80%EB%82%98%EB%AC%BC,1200px-Potentilla_reptans_beauvais-carriere-bracheux_60_20062008_1.jpg
61,https://en.wikipedia.org/wiki/Lilium_lancifolium,57197.jpg
62,https://en.wikipedia.org/wiki/Sium_suave,1000292641_1000013406_1500434556.jpg
63,https://en.wikipedia.org/wiki/Prunus_mume,Prunus_mume.jpg
64,https://ko.wikipedia.org/wiki/%EB%B3%B5%EC%88%98%EC%B4%88,W_hukujusou3021.jpg
65,https://ko.wikipedia.org/wiki/%EB%AF%B8%EB%82%98%EB%A6%AC%EC%95%84%EC%9E%AC%EB%B9%84,DSC05861.jpg
66,https://ko.wikipedia.org/wiki/%EA%B0%9C%EB%82%98%EB%A6%AC,Forsythia_koreana.jpg
67,https://ko.wikipedia.org/wiki/%ED%95%A0%EB%AF%B8%EA%BD%83,231AD6395353045635.jpg
68,https://en.wikipedia.org/wiki/Anemone,68.jpg
69,https://ko.wikipedia.org/wiki/%EB%85%B8%EB%A3%A8%EA%B7%80,69.jpg
70,https://ko.wikipedia.org/wiki/%EB%88%84%EB%A6%AC%EC%9E%A5%EB%82%98%EB%AC%B4,77835586_sOptimized.jpg
71,https://ko.wikipedia.org/wiki/%EC%95%88%EA%B0%9C%EA%BD%83,Babys_Breath_Gypsophila_Elegans__Seeds.jpg
72,https://ko.wikipedia.org/wiki/%ED%94%84%EB%A6%AC%EC%A7%80%EC%96%B4,Orange_freesias.jpg
73,https://en.wikipedia.org/wiki/Myosotis_scorpioides,73.jpg
74,https://en.wikipedia.org/wiki/Narcissus_tazetta,Narcissus_tazetta_var_chinensis1.jpg
75,https://ko.wikipedia.org/wiki/%EB%8D%B0%EC%9D%B4%EC%A7%80_(%EC%8B%9D%EB%AC%BC),75.jpg
76,https://en.wikipedia.org/wiki/Ranunculus_asiaticus,Ranunculus-asiaticus-2.jpg
77,https://en.wikipedia.org/wiki/Hyacinthus_orientalis,3ad9432e-a744-411f-bf7b-07824c529844-0e793dd.jpg
78,https://ko.wikipedia.org/wiki/%EB%AA%A8%EB%9E%80,tree-peony-2-may-14-20021 (1).jpg
79,https://ko.wikipedia.org/wiki/%EB%B6%93%EA%BD%83,Iris_sanguinea.jpg
80,https://ko.wikipedia.org/wiki/%EA%B9%BD%EA%B9%BD%EC%9D%B4%ED%92%80,80.jpg
81,https://ko.wikipedia.org/wiki/%EA%B8%B0%EB%A6%B0%EC%B4%88,SEKA_0_Sedum_Kamtschaticum.1491337529.jpg
82,https://ko.wikipedia.org/wiki/%EB%A1%9C%EC%A6%88%EB%A9%94%EB%A6%AC,e8b900cd98f32b2f3c30937eb2bdf82a.jpg
83,https://ko.wikipedia.org/wiki/%EB%A9%94%EB%B0%80,83.jpg
84,https://en.wikipedia.org/wiki/Leontopodium_nivale,56PORYYV2KX8mNy71a2LHkIV55Sze8dBeNWiRXGO.jpg
85,https://ko.wikipedia.org/wiki/%EC%96%91%EA%B7%80%EB%B9%84_(%EC%8B%9D%EB%AC%BC),papaver-somniferum-lilac-single-1.jpg
86,https://ko.wikipedia.org/wiki/%EC%82%AC%EC%B2%A0%EB%82%98%EB%AC%B4,euonymus-japonicus-ovatus-aureus-p116-4297_zoom.jpg
87,https://en.wikipedia.org/wiki/Jasminum_officinale,87.jpg
88,https://en.wikipedia.org/wiki/Aconitum_lycoctonum,88.jpg
89,https://en.wikipedia.org/wiki/Corydalis_yanhusuo,89.jpg
90,https://ko.wikipedia.org/wiki/%ED%84%B8%EB%A8%B8%EC%9C%84,farfugium-japonicum-1200-630-FB-20190831-min.jpg
91,https://ko.wikipedia.org/wiki/%EC%84%B8%EC%9D%B4%EC%A7%80,91.jpg
92,https://ko.wikipedia.org/wiki/%EC%84%9C%EC%96%91%ED%86%B1%ED%92%80,pl2000007840.jpg
93,https://ko.wikipedia.org/wiki/%EC%A7%88%EA%B2%BD%EC%9D%B4,TuMuqhK8.jpg
94,https://ko.wikipedia.org/wiki/%EC%A0%91%EC%8B%9C%EA%BD%83,Alcea_rosea_purple.jpg
95,https://ko.wikipedia.org/wiki/%EC%95%84%EC%9A%B1,813A0gPTyTL._AC_SX522_.jpg
96,https://ko.wikipedia.org/wiki/%EC%95%84%EA%B9%8C%EC%8B%9C%EB%82%98%EB%AC%B4,il_570xN.1226026086_auvw.jpg
97,https://en.wikipedia.org/wiki/Lamprocapnos,Dicentra-spectabilis.jpg
98,https://ko.wikipedia.org/wiki/%ED%81%B0%EA%B0%9C%EB%B6%88%EC%95%8C%ED%92%80,Veronica_persica_Dovercourt_CGibson.jpg
99,https://en.wikipedia.org/wiki/Lilium_longiflorum,Lilium-longiflorum-Easter-Lily3.jpg
